{"errors":[],"warnings":[],"namedChunkGroups":{"app":{"chunks":[5,3,1],"assets":["webpack-runtime-c21449fe0c0a4f2f88b2.js","webpack-runtime-c21449fe0c0a4f2f88b2.js.map","framework-0f7f24c8879fa60fb4d3.js","framework-0f7f24c8879fa60fb4d3.js.map","app-1e594a4127809486ce7d.js","app-1e594a4127809486ce7d.js.map"],"children":{},"childAssets":{}},"component---src-pages-index-jsx":{"chunks":[4,0,2],"assets":["styles.3e9b417e6f17132adf22.css","styles-c6fefb7f482bcee5f133.js","styles-c6fefb7f482bcee5f133.js.map","6db0a9ef-85950568c725c7cdca74.js","6db0a9ef-85950568c725c7cdca74.js.map","component---src-pages-index-jsx-ef361926659be139b0b5.js","component---src-pages-index-jsx-ef361926659be139b0b5.js.map"],"children":{},"childAssets":{}}},"assetsByChunkName":{"app":["webpack-runtime-c21449fe0c0a4f2f88b2.js","framework-0f7f24c8879fa60fb4d3.js","app-1e594a4127809486ce7d.js"],"component---src-pages-index-jsx":["styles.3e9b417e6f17132adf22.css","styles-c6fefb7f482bcee5f133.js","6db0a9ef-85950568c725c7cdca74.js","component---src-pages-index-jsx-ef361926659be139b0b5.js"]}}